"Actb",
"Actg1",
"Aldh1a2",
"Apela",
"Apoa1",
"Apoe",
"Apom",
"Arf4",
"Arg1",
"Axin2",
"Bmp4",
"Car4",
"Cd9",
"Cdh1",
"Cdh11",
"Cdh2",
"Cdx2",
"Cer1",
"Cited1",
"Cnn1",
"Cnn2",
"Col26a1",
"Cpn1",
"Crabp1",
"Crabp2",
"Ctsl",
"Cubn",
"Cyp26a1",
"Ddit3",
"Dkk1",
"Dll1",
"Dlx5",
"Dmrt2",
"Dppa3",
"Dppa5a",
"Dstn",
"Ebf1",
"Efna1",
"Egr2",
"Elf5",
"En1",
"Eomes",
"Epcam",
"Epha1",
"Esam",
"Esrrb",
"Etv2",
"Evx1",
"Eya1",
"Eya2",
"Fbxo5",
"Fgf3",
"Fgf4",
"Fgf5",
"Fgf8",
"Fgfbp1",
"Fli1",
"Flnb",
"Fn1",
"Foxa2",
"Foxd3",
"Foxf1",
"Foxg1",
"Foxp2",
"Fst",
"Gata1",
"Gata2",
"Gata4",
"Gata6",
"Gdf11",
"Gsc",
"H1f1",
"H1f2",
"H1f3",
"H1f4",
"H1f5",
"H2ac10",
"H2ac13",
"H2ac15",
"H2ac20",
"H2ac4",
"H2ac8",
"H2aw",
"H2bc11",
"H2bc13",
"H2bc14",
"H2bc15",
"H2bc18",
"H2bc3",
"H2bc4",
"H2bc6",
"H2bc8",
"H2bc9",
"H3c1",
"H3c11",
"H3c2",
"H3c3",
"H3c6",
"H3c7",
"H3f3b",
"H4c1",
"H4c3",
"H4c4",
"H4c8",
"Hand1",
"Hand2",
"Hbb-bh1",
"Hcn4",
"Hes3",
"Hes5",
"Hes7",
"Hesx1",
"Hist1h2al",
"Hist1h2an",
"Hist1h2ao",
"Hist1h2ap",
"Hist1h2bq",
"Hist1h2br",
"Hist1h4n",
"Hoxa1",
"Hoxa10",
"Hoxa2",
"Hoxa3",
"Hoxa4",
"Hoxb1",
"Hoxb13",
"Hoxb6",
"Hoxb9",
"Hoxc10",
"Hoxc13",
"Hsd11b2",
"Id1",
"Id2",
"Irx3",
"Isl1",
"Itgb3",
"Jmjd1c",
"Kdr",
"Klf1",
"Klf2",
"Klf5",
"Klf6",
"Kpna2",
"Krt8",
"Lef1",
"Lefty1",
"Lefty2",
"Lfng",
"Lhx1",
"Lmo2",
"Lpp",
"Lum",
"Meis1",
"Meis2",
"Meox1",
"Meox2",
"Mesp1",
"Mesp2",
"Mixl1",
"Msc",
"Msgn1",
"Myf5",
"Myl1",
"Myl7",
"Myl9",
"Nanog",
"Nanos3",
"Neurog2",
"Nkx1-2",
"Nkx2-5",
"Nkx2-9",
"Nodal",
"Nog",
"Noto",
"Nr0b1",
"Nr5a2",
"Olig2",
"Osr1",
"Otx2",
"Pax1",
"Pax3",
"Pax6",
"Pcdh19",
"Pitx2",
"Porcn",
"Pou3f1",
"Pou5f1",
"Prc1",
"Prdm1",
"Prdm14",
"Ptch1",
"Ripply2",
"Sall4",
"Sfn",
"Shh",
"Six1",
"Slc2a2",
"Slc7a3",
"Smarcd3",
"Snai1",
"Snai2",
"Sned1",
"Sox1",
"Sox10",
"Sox17",
"Sox2",
"Sox3",
"Sox9",
"T",
"Tagln",
"Tal1",
"Tbx1",
"Tbx18",
"Tbx20",
"Tbx3",
"Tbx4",
"Tbx5",
"Tbx6",
"Tcf15",
"Tcf21",
"Tcf3",
"Tcl1",
"Tfap2a",
"Tfap2c",
"Tpm1",
"Trim17",
"Ttr",
"Twist1",
"Twist2",
"Uncx",
"Utf1",
"Vcl",
"Vim",
"Wnt1",
"Wnt11",
"Wnt2",
"Wnt3",
"Wnt3a",
"Wnt5a",
"Wnt5b",
"Wnt6",
"Wnt8a",
"Xkr4",
"Zfp42",
"Zic2",
"Zic3",
"Zic5",